{
  "events": [
    {
      "timestamp": 1753496379,
      "text": "Hello from Ada! at 2025-07-26T02:19:39.044211"
    },
    {
      "timestamp": 1753496380,
      "text": "Hello from Ada! at 2025-07-26T02:19:40.044753"
    },
    {
      "timestamp": 1753496381,
      "text": "Hello from Ada! at 2025-07-26T02:19:41.045259"
    },
    {
      "timestamp": 1753496382,
      "text": "Hello from Ada! at 2025-07-26T02:19:42.045660"
    }
  ],
  "kv": {
    "usage_counts": {
      "HelloSkill": 4
    }
  }
}